1,0.0184126416889909,-0.234517933478949,-0.265482066521051,-0.518412641688991
2,0.01722700590597,-0.233365800957538,-0.266634199042462,-0.51722700590597
3,0.0160467165098307,-0.232224215381596,-0.267775784618404,-0.516046716509831
4,0.0148718236297371,-0.231093199362019,-0.268906800637981,-0.514871823629737
5,0.0137023809645295,-0.229972780061324,-0.270027219938676,-0.51370238096453
6,0.0125384458429644,-0.228862989237562,-0.271137010762438,-0.512538445842964
7,0.0113800792862272,-0.227763863291006,-0.272236136708994,-0.511380079286227
8,0.0102273460726117,-0.22667544331351,-0.27332455668649,-0.510227346072612
9,0.00908031480424536,-0.225597775140377,-0.274402224859623,-0.509080314804245
10,0.00793905797572399,-0.224530909404616,-0.275469090595384,-0.507939057975724
11,0.00680365204450454,-0.223474901593408,-0.276525098406593,-0.506803652044505
12,0.00567417750288699,-0.22242981210659,-0.27757018789341,-0.505674177502887
13,0.00455071895139302,-0.221395706316984,-0.278604293683016,-0.504550718951393
14,0.00343336517333154,-0.220372654632313,-0.279627345367687,-0.503433365173331
15,0.00232220921031457,-0.21936073255848,-0.28063926744152,-0.502322209210315
16,0.00121734843846124,-0.218360020763932,-0.281639979236068,-0.501217348438461
17,0.000118884645000495,-0.217370605144804,-0.282629394855196,-0.500118884645001
18,-0.000973075895050484,-0.216392576890514,-0.283607423109486,-0.49902692410495
19,-0.00205842234248154,-0.215426032549447,-0.284573967450553,-0.497941577657519
20,-0.00313703921815532,-0.214471074094329,-0.285528925905671,-0.496862960781845
21,-0.00420880632836355,-0.213527808986852,-0.286472191013148,-0.495791193671636
22,-0.00527359869174767,-0.21259635024107,-0.28740364975893,-0.494726401308252
23,-0.00633128646829457,-0.211676816485056,-0.288323183514944,-0.493668713531705
24,-0.00738173489096406,-0.210769332020238,-0.289230667979762,-0.492618265109036
25,-0.00842480420055796,-0.209874026877813,-0.290125973122187,-0.491575195799442
26,-0.00946034958448582,-0.208991036871567,-0.291008963128433,-0.490539650415514
27,-0.0104882211201431,-0.208120503646377,-0.291879496353623,-0.489511778879857
28,-0.0115082637236671,-0.207262574721627,-0.292737425278373,-0.488491736276333
29,-0.0125203171049006,-0.206417403528701,-0.2935825964713,-0.4874796828951
30,-0.0135242157294468,-0.205585149441654,-0.294414850558346,-0.486475784270553
31,-0.0145197887887696,-0.204765977800118,-0.295234022199882,-0.48548021121123
32,-0.0155068601793452,-0.203960059923405,-0.296039940076595,-0.484493139820655
33,-0.0164852484919452,-0.203167573114752,-0.296832426885248,-0.483514751508055
34,-0.0174547670121889,-0.202388700654529,-0.297611299345471,-0.482545232987811
35,-0.0184152237335657,-0.201623631781242,-0.298376368218758,-0.481584776266434
36,-0.0193664213841909,-0.200872561659024,-0.299127438340976,-0.480633578615809
37,-0.0203081574686209,-0.200135691330312,-0.299864308669688,-0.479691842531379
38,-0.0212402243260971,-0.199413227652319,-0.300586772347681,-0.478759775673903
39,-0.0221624092066562,-0.198705383215865,-0.301294616784135,-0.477837590793344
40,-0.0230744943665694,-0.198012376245095,-0.301987623754906,-0.476925505633431
41,-0.0239762571846261,-0.19733443047657,-0.30266556952343,-0.476023742815374
42,-0.0248674703007928,-0.196671775016192,-0.303328224983808,-0.475132529699207
43,-0.0257479017788021,-0.196024644172397,-0.303975355827603,-0.474252098221198
44,-0.0266173152942236,-0.195393277264072,-0.304606722735929,-0.473382684705776
45,-0.027475470349559,-0.194777918401644,-0.305222081598356,-0.472524529650441
46,-0.0283221225178772,-0.194178816239821,-0.305821183760179,-0.471677877482123
47,-0.0291570237164455,-0.193596223700516,-0.306403776299484,-0.470842976283555
48,-0.0299799225117578,-0.193030397664571,-0.306969602335429,-0.470020077488242
49,-0.0307905644572535,-0.192481598630958,-0.307518401369042,-0.469209435542746
50,-0.0315886924649017,-0.191950090342302,-0.308049909657698,-0.468411307535098
51,-0.0323740472116881,-0.191436139375665,-0.308563860624335,-0.467625952788312
52,-0.0331463675818475,-0.190940014697755,-0.309059985302245,-0.466853632418153
53,-0.0339053911454849,-0.19046198718392,-0.30953801281608,-0.466094608854515
54,-0.034650854673988,-0.1900023291005,-0.3099976708995,-0.465349145326012
55,-0.0353824946923492,-0.189561313550438,-0.310438686449562,-0.464617505307651
56,-0.036100048068218,-0.189139213882313,-0.310860786117687,-0.463899951931782
57,-0.0368032526371544,-0.188736303063328,-0.311263696936672,-0.463196747362846
58,-0.0374918478631869,-0.188352853017134,-0.311647146982866,-0.462508152136813
59,-0.0381655755333754,-0.187989133927808,-0.312010866072192,-0.461834424466625
60,-0.0388241804846492,-0.187645413511691,-0.312354586488309,-0.461175819515351
61,-0.0394674113607403,-0.187321956259273,-0.312678043740727,-0.46053258863926
62,-0.0400950213965663,-0.18701902264977,-0.31298097735023,-0.459904978603434
63,-0.040706769226931,-0.186736868341513,-0.313263131658487,-0.459293230773069
64,-0.041302419715932,-0.186475743341769,-0.313524256658231,-0.458697580284068
65,-0.0418817448029789,-0.186235891160076,-0.313764108839924,-0.458118255197021
66,-0.0424445243608593,-0.18601754794966,-0.31398245205034,-0.457555475639141
67,-0.0429905470608382,-0.18582094164194,-0.31417905835806,-0.457009452939162
68,-0.0435196112393617,-0.18564629107956,-0.31435370892044,-0.456480388760638
69,-0.0440315257605609,-0.185493805153725,-0.314506194846275,-0.455968474239439
70,-0.0445261108684306,-0.185363681951997,-0.314636318048003,-0.455473889131569
71,-0.0450031990222925,-0.185256107922905,-0.314743892077095,-0.454996800977708
72,-0.0454626357089726,-0.185171257063965,-0.314828742936035,-0.454537364291027
73,-0.0459042802250072,-0.185109290139771,-0.314890709860229,-0.454095719774993
74,-0.0463280064221809,-0.185070353936874,-0.314929646063126,-0.453671993577819
75,-0.0467337034097699,-0.185054580562046,-0.314945419437954,-0.45326629659023
76,-0.0471212762070455,-0.185062086790396,-0.314937913209604,-0.452878723792955
77,-0.0474906463398633,-0.185092973469496,-0.314907026530504,-0.452509353660137
78,-0.0478417523755432,-0.18514732498532,-0.314852675014681,-0.452158247624457
79,-0.0481745503907235,-0.18522520879529,-0.31477479120471,-0.451825449609277
80,-0.0484890143674323,-0.185326675033218,-0.314673324966782,-0.451510985632568
81,-0.0487851365132822,-0.185451756190192,-0.314548243809808,-0.451214863486718
82,-0.0490629275024194,-0.185600466874816,-0.314399533125184,-0.450937072497581
83,-0.0493224166346519,-0.185772803655343,-0.314227196344657,-0.450677583365348
84,-0.0495636519110213,-0.185968744985451,-0.314031255014549,-0.450436348088979
85,-0.0497867000249654,-0.186188251214509,-0.313811748785491,-0.450213299975035
86,-0.0499916462691068,-0.186431264682297,-0.313568735317703,-0.450008353730893
87,-0.0501785943586031,-0.186697709897234,-0.313302290102766,-0.449821405641397
88,-0.0503476661728672,-0.186987493796311,-0.313012506203689,-0.449652333827133
89,-0.0504990014183203,-0.187300506084064,-0.312699493915936,-0.44950099858168
90,-0.0506327572156314,-0.187636619647123,-0.312363380352877,-0.449367242784369
91,-0.0507491076156337,-0.18799569104015,-0.312004308959851,-0.449250892384366
92,-0.050848243048773,-0.188377561038306,-0.311622438961694,-0.449151756951227
93,-0.0509303697135112,-0.188782055250826,-0.311217944749174,-0.449069630286489
94,-0.0509957089095944,-0.189208984789776,-0.310791015210224,-0.449004291090406
95,-0.0510444963224757,-0.189658146987713,-0.310341853012287,-0.448955503677524
96,-0.0510769812654638,-0.190129326157673,-0.309870673842327,-0.448923018734536
97,-0.0510934258863457,-0.190622294388722,-0.309377705611278,-0.448906574113654
98,-0.0510941043453118,-0.191136812370251,-0.308863187629749,-0.448905895654688
99,-0.0510793019709918,-0.191672630238206,-0.308327369761794,-0.448920698029008
100,-0.0510493144012951,-0.192229488436539,-0.307770511563461,-0.448950685598705
101,-0.0510044467155686,-0.192807118587381,-0.307192881412619,-0.448995553284431
102,-0.0509450125643054,-0.193405244363694,-0.306594755636306,-0.449054987435695
103,-0.0508713333023132,-0.19402358235848,-0.30597641764152,-0.449128666697687
104,-0.0507837371308673,-0.194661842945038,-0.305338157054962,-0.449216262869133
105,-0.0506825582539387,-0.195319731123155,-0.304680268876845,-0.449317441746061
106,-0.0505681360531301,-0.195996947346604,-0.304003052653396,-0.44943186394687
107,-0.0504408142854698,-0.196693188327795,-0.303306811672205,-0.44955918571453
108,-0.0503009403077141,-0.197408147815919,-0.302591852184081,-0.449699059692286
109,-0.0501488643303097,-0.198141517345435,-0.301858482654565,-0.44985113566969
110,-0.0499849387036714,-0.198892986952234,-0.301107013047766,-0.450015061296329
111,-0.0498095172389531,-0.1996622458553,-0.3003377541447,-0.450190482761047
112,-0.0496229545650109,-0.200448983102166,-0.299551016897834,-0.450377045434989
113,-0.049425605522834,-0.201252888176884,-0.298747111823116,-0.450574394477166
114,-0.0492178245982867,-0.202073651569651,-0.297926348430349,-0.450782175401713
115,-0.0489999653936327,-0.202910965307628,-0.297089034692372,-0.451000034606367
116,-0.0487723801379585,-0.203764523446826,-0.296235476553174,-0.451227619862042
117,-0.0485354192362907,-0.204634022525244,-0.295365977474756,-0.451464580763709
118,-0.0482894308569315,-0.205519161977752,-0.294480838022248,-0.451710569143069
119,-0.0480347605562745,-0.206419644513434,-0.293580355486566,-0.451965239443726
120,-0.0477717509401603,-0.207335176456324,-0.292664823543677,-0.45222824905984
121,-0.0475007413606447,-0.208265468050668,-0.291734531949332,-0.452499258639355
122,-0.047222067646904,-0.209210233731973,-0.290789766268027,-0.452777932353096
123,-0.0469360618688803,-0.210169192365226,-0.289830807634775,-0.45306393813112
124,-0.0466430521321738,-0.211142067451778,-0.288857932548222,-0.453356947867826
125,-0.0463433624026258,-0.212128587306446,-0.287871412693554,-0.453656637597374
126,-0.046037312358983,-0.213128485206413,-0.286871514793587,-0.453962687641017
127,-0.0457252172720107,-0.214141499513578,-0.285858500486422,-0.454274782727989
128,-0.045407387908416,-0.215167373771959,-0.284832626228041,-0.454592612091584
129,-0.0450841304579437,-0.216205856781799,-0.283794143218201,-0.454915869542056
130,-0.0447557464820353,-0.217256702651963,-0.282743297348037,-0.455244253517965
131,-0.04442253288247,-0.218319670832201,-0.281680329167799,-0.45557746711753
132,-0.0440847818884455,-0.219394526126807,-0.280605473873193,-0.455915218111554
133,-0.0437427810606174,-0.220481038691153,-0.279518961308847,-0.456257218939383
134,-0.0433968133106561,-0.221578984012512,-0.278421015987488,-0.456603186689344
135,-0.0430471569349573,-0.22268814287654,-0.27731185712346,-0.456952843065043
136,-0.0426940856611934,-0.223808301320711,-0.276191698679289,-0.457305914338807
137,-0.0423378687064684,-0.224939250575928,-0.275060749424072,-0.457662131293532
138,-0.0419787708459041,-0.22608078699747,-0.27391921300253,-0.458021229154096
139,-0.0416170524905539,-0.227232711986375,-0.272767288013625,-0.458382947509446
140,-0.0412529697736094,-0.228394831902269,-0.271605168097731,-0.458747030226391
141,-0.0408867746439341,-0.229566957968597,-0.270433042031403,-0.459113225356066
142,-0.0405187149660231,-0.230748906171153,-0.269251093828847,-0.459481285033977
143,-0.0401490346255513,-0.231940497150711,-0.268059502849289,-0.459850965374449
144,-0.0397779736397395,-0.233141556090533,-0.266858443909467,-0.46022202636026
145,-0.0394057682718227,-0.234351912599446,-0.265648087400554,-0.460594231728177
146,-0.0390326511489648,-0.235571400591125,-0.264428599408875,-0.460967348851035
147,-0.0386588513830186,-0.236799858160172,-0.263200141839828,-0.461341148616982
148,-0.0382845946935812,-0.238037127455519,-0.261962872544481,-0.461715405306419
149,-0.037910103532843,-0.239283054551651,-0.260716945448349,-0.462089896467157
150,-0.0375355972117775,-0.24053748931806,-0.25946251068194,-0.462464402788223
151,-0.0371612920272581,-0.241800285287356,-0.258199714712644,-0.462838707972742
152,-0.0367874013897313,-0.243071299522362,-0.256928700477638,-0.463212598610269
153,-0.0364141359511132,-0.244350392482515,-0.255649607517485,-0.463585864048887
154,-0.0360417037326082,-0.245637427889863,-0.254362572110137,-0.463958296267392
155,-0.0356703102521854,-0.246932272594879,-0.253067727405121,-0.464329689747815
156,-0.0353001586514748,-0.248234796442341,-0.251765203557659,-0.464699841348525
157,-0.0349314498218712,-0.249544872137431,-0.250455127862569,-0.465068550178129
158,-0.034564382529667,-0.250862375112244,-0.249137624887756,-0.465435617470333
159,-0.0341991535400461,-0.252187183392823,-0.247812816607177,-0.465800846459954
160,-0.0338359577398027,-0.253519177466858,-0.246480822533142,-0.466164042260197
161,-0.033474988258661,-0.254858240152125,-0.245141759847875,-0.466525011741339
162,-0.0331164365890934,-0.256204256465763,-0.243795743534237,-0.466883563410907
163,-0.0327604927045477,-0.257557113494434,-0.242442886505566,-0.467239507295452
164,-0.0324073451760079,-0.258916700265433,-0.241083299734567,-0.467592654823992
165,-0.0320571812868287,-0.260282907618768,-0.239717092381232,-0.467942818713171
166,-0.0317101871457915,-0.261655628080243,-0.238344371919757,-0.468289812854209
167,-0.0313665477983402,-0.26303475573555,-0.23696524426445,-0.46863345220166
168,-0.0310264473359681,-0.264420186105382,-0.235579813894618,-0.468973552664032
169,-0.0306900690037271,-0.265811816021546,-0.234188183978454,-0.469309930996273
170,-0.030357595305845,-0.267209543504089,-0.232790456495911,-0.469642404694155
171,-0.0300292081094377,-0.268613267639394,-0.231386732360606,-0.469970791890562
172,-0.0297050887463095,-0.270022888459233,-0.229977111540767,-0.470294911253691
173,-0.0293854181128378,-0.271438306820752,-0.228561693179248,-0.470614581887162
174,-0.0290703767679443,-0.272859424287347,-0.227140575712653,-0.470929623232056
175,-0.0287601450291552,-0.274286143010399,-0.225713856989601,-0.471239854970845
176,-0.028454903066755,-0.275718365611833,-0.224281634388167,-0.471545096933245
177,-0.0281548309960413,-0.277155995067454,-0.222844004932546,-0.471845169003959
178,-0.0278601089676906,-0.278598934591018,-0.221401065408982,-0.472139891032309
179,-0.0275709172562389,-0.280047087519009,-0.219952912480991,-0.472429082743761
180,-0.0272874363466909,-0.281500357196054,-0.218499642803946,-0.472712563653309
181,-0.0270098470192621,-0.282958646860958,-0.217041353139042,-0.472990152980738
182,-0.0267383304322643,-0.284421859533298,-0.215578140466702,-0.473261669567736
183,-0.0264730682031383,-0.285889897900538,-0.214110102099462,-0.473526931796862
184,-0.0262142424876423,-0.287362664205635,-0.212637335794365,-0.473785757512358
185,-0.0259620360571971,-0.288840060135076,-0.211159939864924,-0.474037963942803
186,-0.0257166323743914,-0.290321986707323,-0.209678013292677,-0.474283367625609
187,-0.0254782156666469,-0.291808344161631,-0.208191655838369,-0.474521784333353
188,-0.0252469709980399,-0.293299031847187,-0.206700968152813,-0.47475302900196
189,-0.0250230843392757,-0.294793948112567,-0.205206051887433,-0.474976915660724
190,-0.0248067426358069,-0.296292990195455,-0.203707009804545,-0.475193257364193
191,-0.0245981338740857,-0.297796054112621,-0.202203945887379,-0.475401866125914
192,-0.024397447145937,-0.299303034550117,-0.200696965449883,-0.475602552854063
193,-0.024204872711035,-0.300813824753693,-0.199186175246307,-0.475795127288965
194,-0.0240206020574633,-0.302328316419399,-0.197671683580601,-0.475979397942537
195,-0.0238448279603361,-0.303846399584377,-0.196153600415623,-0.476155172039664
196,-0.0236777445384533,-0.305367962517833,-0.194632037482167,-0.476322255461547
197,-0.0235195473089589,-0.306892891612178,-0.193107108387822,-0.476480452691041
198,-0.0233704332399692,-0.308421071274359,-0.191578928725641,-0.476629566760031
199,-0.0232306008011336,-0.309952383817371,-0.190047616182629,-0.476769399198866
200,-0.0231002500120862,-0.311486709351972,-0.188513290648029,-0.476899749987914
201,-0.0231002500120862,-0.311486709351972,-0.188513290648029,-0.476899749987914
202,-0.0225968373818506,-0.312615254101257,-0.187384745898743,-0.477403162618149
203,-0.0220931229912268,-0.313745637202417,-0.186254362797583,-0.477906877008773
204,-0.021589082892373,-0.314877896903013,-0.185122103096987,-0.478410917107627
205,-0.0210846933098354,-0.316012071476858,-0.183987928523142,-0.478915306690165
206,-0.0205799306312469,-0.317148199236058,-0.182851800763942,-0.479420069368753
207,-0.0200747713982199,-0.31828631854291,-0.181713681457091,-0.47992522860178
208,-0.0195691922974188,-0.319426467821661,-0.180573532178339,-0.480430807702581
209,-0.0190631701518057,-0.320568685570149,-0.179431314429851,-0.480936829848194
210,-0.018556681912047,-0.321713010371321,-0.178286989628679,-0.481443318087953
211,-0.0180497046480709,-0.322859480904664,-0.177140519095336,-0.481950295351929
212,-0.0175422155407674,-0.32400813595753,-0.17599186404247,-0.482457784459233
213,-0.0170341918738206,-0.325159014436393,-0.174840985563607,-0.482965808126179
214,-0.0165256110256649,-0.326312155378024,-0.173687844621976,-0.483474388974335
215,-0.0160164504615566,-0.327467597960612,-0.172532402039388,-0.483983549538443
216,-0.0155066877257522,-0.328625381514828,-0.171374618485172,-0.484493312274248
217,-0.0149963004337856,-0.329785545534848,-0.170214454465152,-0.485003699566214
218,-0.0144852662648355,-0.330948129689344,-0.169051870310656,-0.485514733735165
219,-0.0139735629541768,-0.332113173832444,-0.167886826167556,-0.486026437045823
220,-0.0134611682857067,-0.333280718014683,-0.166719281985317,-0.486538831714293
221,-0.0129480600845387,-0.334450802493937,-0.165549197506063,-0.487051939915461
222,-0.0124342162096588,-0.335623467746367,-0.164376532253633,-0.487565783790341
223,-0.0119196145466345,-0.336798754477364,-0.163201245522636,-0.488080385453366
224,-0.0114042330003702,-0.337976703632514,-0.162023296367486,-0.48859576699963
225,-0.0108880494879045,-0.339157356408586,-0.160842643591414,-0.489111950512096
226,-0.0103710419312382,-0.340340754264558,-0.159659245735442,-0.489628958068762
227,-0.00985318825019199,-0.341526938932672,-0.158473061067328,-0.490146811749808
228,-0.0093344663552808,-0.342715952429554,-0.157284047570446,-0.490665533644719
229,-0.00881485414060463,-0.343907837067374,-0.156092162932626,-0.491185145859395
230,-0.00829432947674493,-0.345102635465083,-0.154897364534917,-0.491705670523255
231,-0.00777287020366193,-0.346300390559713,-0.153699609440287,-0.492227129796338
232,-0.00725045412358659,-0.34750114561776,-0.15249885438224,-0.492749545876413
233,-0.00672705899389956,-0.348704944246659,-0.151295055753341,-0.4932729410061
234,-0.00620266251999309,-0.349911830406347,-0.150088169593653,-0.493797337480007
235,-0.00567724234810688,-0.351121848420932,-0.148878151579068,-0.494322757651893
236,-0.00515077605813336,-0.352335042990476,-0.147664957009524,-0.494849223941867
237,-0.00462324115638505,-0.353551459202893,-0.146448540797107,-0.495376758843615
238,-0.00409461506831893,-0.354771142545973,-0.145228857454027,-0.495905384931681
239,-0.00356487513120822,-0.355994138919552,-0.144005861080448,-0.496435124868792
240,-0.00303399858675929,-0.357220494647808,-0.142779505352192,-0.496966001413241
241,-0.00250196257366384,-0.358450256491723,-0.141549743508277,-0.497498037426336
242,-0.00196874412008096,-0.359683471661699,-0.140316528338301,-0.498031255879919
243,-0.00143432013604212,-0.360920187830342,-0.139079812169658,-0.498565679863958
244,-0.000898667405772001,-0.362160453145426,-0.137839546854574,-0.499101332594228
245,-0.000361762579918972,-0.363404316243039,-0.136595683756961,-0.499638237420081
246,0.000176417832313333,-0.364651826260931,-0.135348173739069,-0.500176417832313
247,0.000715897471138759,-0.365903032852055,-0.134096967147945,-0.500715897471139
248,0.00125670013427515,-0.367157986198333,-0.132842013801667,-0.501256700134275
249,0.00179884978514984,-0.368416737024637,-0.131583262975363,-0.50179884978515
250,0.00234237056123473,-0.369679336613004,-0.130320663386996,-0.502342370561235
251,0.00288728678251573,-0.370945836817098,-0.129054163182902,-0.502887286782516
252,0.00343362296010706,-0.37221629007692,-0.12778370992308,-0.503433622960107
253,0.00398140380501779,-0.373490749433779,-0.126509250566221,-0.503981403805018
254,0.00453065423707934,-0.374769268545546,-0.125230731454454,-0.504530654237079
255,0.00508139939404262,-0.376051901702185,-0.123948098297815,-0.505081399394043
256,0.00563366464085434,-0.377338703841581,-0.122661296158419,-0.505633664640854
257,0.0061874755791212,-0.37862973056568,-0.12137026943432,-0.506187475579121
258,0.0067428580567723,-0.379925038156943,-0.120074961843057,-0.506742858056772
259,0.00729983817792941,-0.381224683595142,-0.118775316404858,-0.507299838177929
260,0.00785844231299512,-0.382528724574488,-0.117471275425512,-0.507858442312995
261,0.00841869710897109,-0.383837219521125,-0.116162780478875,-0.508418697108971
262,0.00898062950001487,-0.385150227610999,-0.114849772389001,-0.508980629500015
263,0.00954426671824905,-0.386467808788103,-0.113532191211897,-0.509544266718249
264,0.0101096363048338,-0.38779002378313,-0.11220997621687,-0.510109636304834
265,0.0106767661213152,-0.389116934132536,-0.110883065867464,-0.510676766121315
266,0.0112456843612622,-0.390448602198042,-0.109551397801958,-0.511245684361262
267,0.0118164195622052,-0.391785091186568,-0.108214908813432,-0.511816419562205
268,0.0123890006178906,-0.393126465170649,-0.106873534829351,-0.512389000617891
269,0.0129634567908667,-0.394472789109315,-0.105527210890685,-0.512963456790867
270,0.0135398177254135,-0.39582412886948,-0.10417587113052,-0.513539817725413
271,0.0141181134608339,-0.397180551247845,-0.102819448752155,-0.514118113460834
272,0.0146983744451232,-0.398542123993337,-0.101457876006663,-0.514698374445123
273,0.0152806315490324,-0.399908915830102,-0.100091084169898,-0.515280631549032
274,0.0158649160805429,-0.401280996481085,-0.0987190035189148,-0.515864916080543
275,0.0164512597997745,-0.402658436692198,-0.0973415633078022,-0.516451259799775
276,0.0170396949343408,-0.404041308257114,-0.0959586917428864,-0.517039694934341
277,0.0176302541951774,-0.405429684042709,-0.094570315957291,-0.517630254195177
278,0.0182229707928612,-0.406823638015172,-0.0931763619848283,-0.518222970792861
279,0.0188178784544434,-0.408223245266806,-0.0917767547331938,-0.518817878454443
280,0.0194150114408209,-0.40962858204356,-0.0903714179564397,-0.519415011440821
281,0.0200144045646692,-0.411039725773303,-0.0889602742266976,-0.520014404564669
282,0.0206160932089621,-0.412456755094877,-0.0875432449051236,-0.520616093208962
283,0.0212201133461067,-0.413879749887967,-0.0861202501120327,-0.521220113346107
284,0.0218265015577199,-0.415308791303806,-0.0846912086961938,-0.52182650155772
285,0.0224352950550781,-0.416743961796751,-0.0832560382032489,-0.522435295055078
286,0.0230465317002686,-0.418185345156774,-0.0818146548432259,-0.523046531700269
287,0.0236602500280768,-0.419633026542897,-0.0803669734571035,-0.523660250028077
288,0.0242764892686447,-0.421087092517604,-0.078912907482396,-0.524276489268645
289,0.0248952893709334,-0.422547631082287,-0.0774523689177128,-0.524895289370933
290,0.0255166910270309,-0.424014731713745,-0.075985268286255,-0.525516691027031
291,0.0261407356973426,-0.425488485401797,-0.0745115145982027,-0.526140735697343
292,0.0267674656367084,-0.426968984688051,-0.0730310153119489,-0.526767465636709
293,0.0273969239214899,-0.428456323705871,-0.0715436762941294,-0.52739692392149
294,0.0280291544776733,-0.429950598221598,-0.0700494017784015,-0.528029154477673
295,0.0286642021100396,-0.431451905677086,-0.0685480943229145,-0.52866420211004
296,0.0293021125324517,-0.432960345233581,-0.0670396547664194,-0.529302112532452
297,0.0299429323993152,-0.434476017817044,-0.0655239821829559,-0.529942932399315
298,0.0305867093382691,-0.435999026164943,-0.0640009738350572,-0.530586709338269
299,0.0312334919841685,-0.437529474874594,-0.062470525125406,-0.531233491984168
300,0.0318833300144239,-0.439067470453127,-0.060932529546873,-0.531883330014424
301,0.0325362741857659,-0.440613121369135,-0.0593868786308651,-0.532536274185766
302,0.0331923763725061,-0.442166538106091,-0.0578334618939086,-0.533192376372506
303,0.0338516896063728,-0.443727833217617,-0.0562721667823832,-0.533851689606373
304,0.0345142681180016,-0.445297121384675,-0.0547028786153254,-0.534514268118002
305,0.0351801673801672,-0.446874519474793,-0.0531254805252067,-0.535180167380167
306,0.0358494441528472,-0.448460146603403,-0.0515398533965972,-0.535849444152847
307,0.0365221565302155,-0.450054124197394,-0.0499458758026056,-0.536522156530216
308,0.0371983639896671,-0.451656576061002,-0.0483434239389977,-0.537198363989667
309,0.0378781274429844,-0.453267628444128,-0.0467323715558723,-0.537878127442984
310,0.0385615092897603,-0.45488741011322,-0.0451125898867804,-0.53856150928976
311,0.0392485734732011,-0.456516052424844,-0.0434839475751558,-0.539248573473201
312,0.0399393855384411,-0.458153689402074,-0.041846310597926,-0.539939385538441
313,0.0406340126935083,-0.459800457813843,-0.0401995421861571,-0.540634012693508
314,0.0413325238730899,-0.46145649725742,-0.0385435027425802,-0.54133252387309
315,0.0420349898052556,-0.463121950244161,-0.0368780497558393,-0.542034989805256
316,0.042741483081309,-0.464796962288714,-0.0352030377112857,-0.542741483081309
317,0.0434520782289449,-0.466481682001864,-0.033518317998136,-0.543452078228945
318,0.0441668517889102,-0.468176261187204,-0.0318237388127965,-0.54416685178891
319,0.044885882395367,-0.469880854941853,-0.0301191450581471,-0.544885882395367
320,0.0456092508601847,-0.47159562176144,-0.0284043782385596,-0.545609250860185
321,0.0463370402613923,-0.473320723649588,-0.0266792763504122,-0.546337040261392
322,0.0470693360360453,-0.475056326232155,-0.0249436737678446,-0.547069336036045
323,0.0478062260777759,-0.476802598876516,-0.0231974011234844,-0.547806226077776
324,0.0485478008393161,-0.478559714816153,-0.0214402851838476,-0.548547800839316
325,0.0492941534403059,-0.480327851280895,-0.0196721487191049,-0.549294153440306
326,0.0500453797807184,-0.482107189633126,-0.0178928103668745,-0.550045379780718
327,0.0508015786602622,-0.483897915510316,-0.0161020844896838,-0.550801578660262
328,0.0515628519041438,-0.485700218974287,-0.0142997810257131,-0.551562851904144
329,0.0523293044956088,-0.487514294667598,-0.0124857053324025,-0.552329304495609
330,0.0531010447157063,-0.489340341977524,-0.0106596580224766,-0.553101044715706
331,0.0538781842907584,-0.491178565208095,-0.00882143479190465,-0.553878184290758
332,0.054660838548057,-0.493029173760724,-0.00697082623927608,-0.554660838548057
333,0.0554491265803458,-0.494892382323971,-0.00510761767602941,-0.555449126580346
334,0.0562431714197002,-0.496768411073072,-0.00323158892692823,-0.5562431714197
335,0.0570431002214543,-0.498657485879867,-0.0013425141201326,-0.557043100221454
336,0.0578490444588928,-0.500559838533848,0.000559838533848032,-0.557849044458893
337,0.0586611401294763,-0.502475706975086,0.00247570697508554,-0.558661140129476
338,0.0594795279734351,-0.504405335539882,0.00440533553988192,-0.559479527973435
339,0.0603043537056411,-0.506348975220039,0.00634897522003879,-0.560304353705641
340,0.0611357682617468,-0.508306883936734,0.00830688393673421,-0.561135768261747
341,0.0619739280596641,-0.510279326830072,0.0102793268300716,-0.561973928059664
342,0.0628189952775564,-0.512266576565471,0.0122665765654707,-0.562818995277556
343,0.0636711381496195,-0.514268913658167,0.0142689136581667,-0.56367113814962
344,0.0645305312810486,-0.516286626817207,0.0162866268172066,-0.564530531281049
345,0.0653973559837163,-0.518320013310461,0.0183200133104605,-0.565397355983716
346,0.0662718006342315,-0.520369379352306,0.0203693793523061,-0.566271800634232
347,0.0671540610562098,-0.522435040515803,0.022435040515803,-0.56715406105621
348,0.0680443409287639,-0.524517322171359,0.0245173221713588,-0.568044340928764
349,0.0689428522234223,-0.526616559954074,0.026616559954074,-0.568942852223422
350,0.0698498156719046,-0.528733100262185,0.0287331002621852,-0.569849815671905
351,0.0707654612674308,-0.530867300789261,0.0308673007892612,-0.570765461267431
352,0.0716900288025191,-0.533019531093093,0.0330195310930926,-0.571690028802519
353,0.0726237684465332,-0.535190173204513,0.0351901732045132,-0.572623768446533
354,0.0735669413665999,-0.537379622279752,0.0373796222797524,-0.5735669413666
355,0.074519820395893,-0.539588287300292,0.0395882873002914,-0.574519820395893
356,0.0754826907537427,-0.541816591824657,0.0418165918246567,-0.575482690753743
357,0.0764558508225084,-0.544064974797058,0.0440649747970579,-0.576455850822508
358,0.0774396129867364,-0.546333891418367,0.0463338914183674,-0.577439612986737
359,0.0784343045407508,-0.548623814085548,0.0486238140855483,-0.578434304540751
360,0.079440268671564,-0.550935233406393,0.0509352334063927,-0.579440268671564
361,0.080457865524816,-0.553268659297231,0.0532686592972311,-0.580457865524816
362,0.0814874733624038,-0.555624622172242,0.0556246221722422,-0.581487473362404
363,0.0825294898215385,-0.558003674234051,0.0580036742340509,-0.582529489821539
364,0.0835843332862197,-0.560406390876561,0.0604063908765613,-0.58358433328622
365,0.0846524443835296,-0.562833372212374,0.0628333722123737,-0.58465244438353
366,0.0857342876188147,-0.565285244738804,0.0652852447388036,-0.585734287618815
367,0.0868303531657054,-0.567762663158392,0.0677626631583919,-0.586830353165705
368,0.0879411588291484,-0.570266312372022,0.0702663123720221,-0.587941158829148
369,0.0890672522021749,-0.572796909665302,0.0727969096653016,-0.589067252202175
370,0.0902092130401307,-0.575355207111863,0.0753552071118629,-0.590209213040131
371,0.091367655879587,-0.577941994220731,0.0779419942207308,-0.591367655879587
372,0.0925432329332583,-0.580558100859001,0.0805581008590011,-0.592543232933258
373,0.0937366372970976,-0.583204400485917,0.0832044004859166,-0.593736637297098
374,0.094948606511451,-0.585881813740137,0.0858818137401365,-0.594948606511451
375,0.0961799265249549,-0.588591312428782,0.0885913124287824,-0.596179926524955
376,0.0974314361179363,-0.591333923974925,0.0913339239749253,-0.597431436117936
377,0.0987040318517686,-0.594110736389854,0.0941107363898543,-0.598704031851769
378,0.0999986736222614,-0.596922903848098,0.0969229038480976,-0.599998673622261
379,0.101316390909215,-0.599771652957201,0.0997716529572007,-0.601316390909215
380,0.10265828983131,-0.60265828983131,0.10265828983131,-0.60265828983131
381,0.10265828983131,-0.60265828983131,0.10265828983131,-0.60265828983131
382,0.106178489773718,-0.604910020094245,0.104910020094245,-0.606178489773718
383,0.109716670322665,-0.607096471633155,0.107096471633155,-0.609716670322665
384,0.113270314189972,-0.609215038172021,0.109215038172021,-0.613270314189972
385,0.116836545226409,-0.611262836381515,0.111262836381515,-0.616836545226409
386,0.120412103414838,-0.613236684651824,0.113236684651824,-0.620412103414838
387,0.12399331909774,-0.615133081105434,0.115133081105434,-0.62399331909774
388,0.127576086797881,-0.616948181181231,0.116948181181231,-0.627576086797881
389,0.131155839127468,-0.618677775255013,0.118677775255013,-0.631155839127468
390,0.134727521449428,-0.620317266927075,0.120317266927075,-0.634727521449428
391,0.138285568157964,-0.621861652808352,0.121861652808352,-0.638285568157964
392,0.141823881685743,-0.623305504874404,0.123305504874404,-0.641823881685743
393,0.145335815620986,-0.624642956730189,0.124642956730189,-0.645335815620986
394,0.148814163623536,-0.625867695432539,0.125867695432539,-0.648814163623536
395,0.152251156152296,-0.626972960838998,0.126972960838998,-0.652251156152296
396,0.155638467335516,-0.627951554769806,0.127951554769806,-0.655638467335516
397,0.158967234597031,-0.628795862550855,0.128795862550855,-0.658967234597031
398,0.162228093848206,-0.629497889702224,0.129497889702224,-0.662228093848206
399,0.165411233105419,-0.630049316587723,0.130049316587723,-0.665411233105419
400,0.168506467221814,-0.63044157367122,0.13044157367122,-0.668506467221815
401,0.171503335948748,-0.630665939554504,0.130665939554503,-0.671503335948748
402,0.174391226690901,-0.63071366312296,0.13071366312296,-0.674391226690901
403,0.177159522036081,-0.630576109846313,0.130576109846313,-0.677159522036081
404,0.179797770419115,-0.630244930564669,0.130244930564669,-0.679797770419115
405,0.182295876182354,-0.629712248998747,0.129712248998747,-0.682295876182354
406,0.184644302977429,-0.62897086191153,0.12897086191153,-0.684644302977429
407,0.186834282165355,-0.628014443567926,0.128014443567926,-0.686834282165355
408,0.188858015945555,-0.626837744220125,0.126837744220125,-0.688858015945555
409,0.190708863743593,-0.625436771153568,0.125436771153568,-0.690708863743593
410,0.192381500238057,-0.623808940687567,0.123808940687567,-0.692381500238057
411,0.193872034512361,-0.621953190638627,0.121953190638627,-0.693872034512361
412,0.195178082184957,-0.619870045131015,0.119870045131015,-0.695178082184957
413,0.196298785780397,-0.617561627056721,0.117561627056721,-0.696298785780398
414,0.19723478262631,-0.615031617517994,0.115031617517994,-0.69723478262631
415,0.197988123644344,-0.612285165676543,0.112285165676543,-0.697988123644344
416,0.19856214998412,-0.609328756021795,0.109328756021795,-0.69856214998412
417,0.198961337076142,-0.606170042703992,0.106170042703992,-0.698961337076142
418,0.199191117095874,-0.602817661999728,0.102817661999728,-0.699191117095874
419,0.199257691005966,-0.59928103415671,0.09928103415671,-0.699257691005966
420,0.199167840444748,-0.595570164968924,0.0955701649689235,-0.699167840444748
421,0.198928748055839,-0.591695455762071,0.091695455762071,-0.698928748055839
422,0.198547832755264,-0.587667528371309,0.0876675283713085,-0.698547832755264
423,0.198032604235405,-0.583497069495501,0.0834970694955006,-0.698032604235405
424,0.197390538965432,-0.579194696770511,0.0791946967705114,-0.697390538965432
425,0.196628978230747,-0.574770847183557,0.0747708471835566,-0.696628978230747
426,0.195755047436342,-0.570235687128504,0.070235687128504,-0.695755047436342
427,0.194775594987349,-0.56559904248476,0.0655990424847603,-0.694775594987349
428,0.193697148513296,-0.560870346549049,0.0608703465490491,-0.693697148513296
429,0.192525885954172,-0.556058603393602,0.0560586033936025,-0.692525885954172
430,0.191267619002036,-0.551172364191968,0.0511723641919676,-0.691267619002036
431,0.189927786521393,-0.546219714174645,0.0462197141746453,-0.689927786521393
432,0.188511455795088,-0.541208268091648,0.041208268091648,-0.688511455795088
433,0.187023329713485,-0.536145172321281,0.0361451723212807,-0.687023329713485
434,0.185467758309307,-0.531037112040394,0.0310371120403941,-0.685467758309307
435,0.183848753316192,-0.525890322138559,0.0258903221385585,-0.683848753316192
436,0.182170004681952,-0.52071060080353,0.0207106008035297,-0.682170004681953
437,0.180434898190834,-0.515503324921127,0.0155033249211274,-0.680434898190834
438,0.178646533540257,-0.510273466616934,0.0102734666169341,-0.678646533540257
439,0.176807742377274,-0.505025610420753,0.00502561042075294,-0.676807742377274
440,0.174921105930652,-0.499763970660005,-0.000236029339994578,-0.674921105930652
441,0.172988978129409,-0.494492440100356,-0.00550755989964442,-0.672988978129409
442,0.171013640653694,-0.48921529076786,-0.0107847092321402,-0.671013640653694
443,0.168997332992643,-0.483937168171059,-0.0160628318289407,-0.668997332992644
444,0.166942136315859,-0.478662407327786,-0.0213375926722138,-0.666942136315859
445,0.164849979167549,-0.47339501525262,-0.0266049847473799,-0.664849979167549
446,0.162722648604784,-0.468138685205917,-0.0318613147940834,-0.662722648604784
447,0.160561800722591,-0.462896811081764,-0.0371031889182362,-0.660561800722591
448,0.158368970543816,-0.457672501828053,-0.0423274981719468,-0.658368970543816
449,0.156145581270022,-0.452468595809808,-0.0475314041901918,-0.656145581270022
450,0.153892952903175,-0.447287675041324,-0.0527123249586763,-0.653892952903175
451,0.151612310257515,-0.442132079224405,-0.0578679207755946,-0.651612310257515
452,0.149304790387651,-0.437003919539711,-0.0629960804602896,-0.64930479038765
453,0.14697144946321,-0.431905092146404,-0.0680949078535961,-0.64697144946321
454,0.14461326912295,-0.426837291352425,-0.0731627086475747,-0.64461326912295
455,0.142231162342418,-0.42180202242391,-0.0781979775760897,-0.642231162342418
456,0.139825978849509,-0.416800614007899,-0.0831993859921015,-0.639825978849509
457,0.137398510121779,-0.411834230147557,-0.0881657698524433,-0.637398510121779
458,0.134949493998408,-0.40690388187381,-0.0930961181261895,-0.634949493998408
459,0.132479618938413,-0.402010438361605,-0.097989561638395,-0.632479618938413
460,0.129989527955209,-0.397154637643,-0.102845362357,-0.629989527955209
461,0.127479822256008,-0.392337096873018,-0.107662903126982,-0.627479822256008
462,0.124951064612911,-0.387558322147567,-0.112441677852433,-0.624951064612911
463,0.122403782490901,-0.3828187178759,-0.1171812821241,-0.622403782490901
464,0.119838470956403,-0.37811859571296,-0.12188140428704,-0.619838470956403
465,0.117255595388571,-0.373458183059517,-0.126541816940483,-0.617255595388571
466,0.11465559401407,-0.368837631140409,-0.131162368859591,-0.61465559401407
467,0.112038880284874,-0.364257022673258,-0.135742977326742,-0.612038880284874
468,0.109405845117443,-0.359716379141917,-0.140283620858083,-0.609405845117443
469,0.106756859010618,-0.355215667690565,-0.144784332309435,-0.606756859010617
470,0.104092274058711,-0.350754807655802,-0.149245192344198,-0.604092274058711
471,0.101412425875516,-0.346333676755402,-0.153666323244598,-0.601412425875516
472,0.0987176354443526,-0.341952116953465,-0.158047883046535,-0.598717635444353
473,0.0960082109088122,-0.337609940022734,-0.162390059977266,-0.596008210908812
474,0.0932844493185303,-0.333306932825708,-0.166693067174293,-0.59328444931853
475,0.0905466383441655,-0.329042862336971,-0.170957137663029,-0.590546638344166
476,0.0877950579757276,-0.324817480429948,-0.175182519570052,-0.587795057975728
477,0.0850299822185482,-0.320630528451973,-0.179369471548027,-0.585029982218548
478,0.0822516808015012,-0.31648174161234,-0.18351825838766,-0.582251680801501
479,0.0794604209125635,-0.31237085320874,-0.18762914679126,-0.579460420912564
480,0.0766564689775054,-0.308297598718364,-0.191702401281636,-0.576656468977505
481,0.0738400924983858,-0.304261719780865,-0.195738280219135,-0.573840092498386
482,0.0710115619696671,-0.300262968101506,-0.199737031898494,-0.571011561969667
483,0.0681711528911509,-0.296301109304067,-0.203698890695933,-0.568171152891151
484,0.0653191478986082,-0.292375926764586,-0.207624073235414,-0.565319147898608
485,0.0624558390349867,-0.288487225458805,-0.211512774541195,-0.562455839034987
486,0.0595815301874337,-0.284634835858273,-0.215365164141727,-0.559581530187434
487,0.0566965397181587,-0.280818617912545,-0.219181382087455,-0.556696539718159
488,0.0538012033204079,-0.277038465157846,-0.222961534842154,-0.553801203320408
489,0.050895877134611,-0.273294308996043,-0.226705691003957,-0.550895877134611
490,0.0479809411641662,-0.26958612319181,-0.23041387680819,-0.547980941164166
491,0.0450568030354305,-0.265913928640633,-0.234086071359367,-0.545056803035431
492,0.042123902152396,-0.262277798465879,-0.237722201534121,-0.542123902152396
493,0.0391827143033572,-0.258677863509637,-0.241322136490363,-0.539182714303357
494,0.0362337567847547,-0.255114318289583,-0.244885681710417,-0.536233756784755
495,0.0332775941164412,-0.251587427502866,-0.248412572497134,-0.533277594116441
496,0.0303148444330369,-0.24809753316812,-0.25190246683188,-0.530314844433037
497,0.0273461866479737,-0.244645062508365,-0.255354937491635,-0.527346186647974
498,0.024372368500449,-0.24123053669087,-0.25876946330913,-0.524372368500449
499,0.0213942156110094,-0.237854580555332,-0.262145419444668,-0.521394215611009
500,0.0184126416889909,-0.234517933478949,-0.265482066521051,-0.518412641688991
