1,0.0315797681811521,-0.0482351054082244,-0.451764894591776,-0.531579768181152
2,0.0340190909763147,-0.0457620759800238,-0.454237924019976,-0.534019090976315
3,0.0364637875735055,-0.0432795877432128,-0.456720412256787,-0.536463787573505
4,0.0389142823858305,-0.0407873381096888,-0.459212661890311,-0.538914282385831
5,0.0413709335006901,-0.0382851169179162,0.538285116917916,0.45862906649931
6,0.0438340357576569,-0.0357728100553952,0.535772810055395,0.456165964242343
7,0.046303823220644,-0.0332504025025899,0.53325040250259,0.453696176779356
8,0.0487804710616337,-0.0307179807586199,0.53071798075862,0.451219528938366
9,0.0512640968759663,-0.0281757346114727,0.528175734611473,0.448735903124034
10,0.0537547614523884,-0.0256239582187713,0.525623958218771,0.446245238547612
11,0.0562524690247273,-0.0230630504693067,0.523063050469307,0.443747530975273
12,0.0587571670362147,-0.0204935146007081,0.520493514600708,0.441242832963785
13,0.0612687454521151,-0.017915957054841,0.517915957054841,0.438731254547885
14,0.063787035661407,-0.0153310855598174,0.515331085559817,0.436212964338593
15,0.0663118090137389,-0.0127397064358742,0.512739706435874,0.433688190986261
16,0.0688427750436877,-0.0101427211317856,0.510142721131786,0.431157224956312
17,0.0713795794403159,-0.00754112200880394,0.507541122008804,0.428620420559684
18,0.0739218018260405,-0.00493598740024344,0.504935987400243,0.426078198173959
19,0.0764689534146569,-0.00232847598649693,0.502328475986497,0.423531046585343
20,0.0790204746237897,0.000280179462738514,0.499719820537262,0.42097952537621
21,0.0815757327218057,0.00288867891528285,0.497111321084717,0.418424267278194
22,0.0841340195930204,0.00549566239701408,0.494504337602986,0.41586598040698
23,0.0866945497075905,0.00809971771997285,0.491900282280027,0.41330545029241
24,0.0892564583834922,0.0106993885222399,0.48930061147776,0.410743541616508
25,0.0918188004271956,0.0132931825157259,0.486706817484274,0.408181199572804
26,0.0943805492368283,0.0158795798319039,0.484120420168096,0.405619450763172
27,0.096940596446586,0.0184570413517087,0.481542958648291,0.403059403553414
28,0.0994977521838575,0.02102401690454,0.47897598309546,0.400502247816143
29,0.10205074600093,0.0235789532227708,0.476421046777229,0.39794925399907
30,0.104598228531383,0.0261203015423919,0.473879698457608,0.395401771468617
31,0.107138773907536,0.0286465247474051,0.471353475252595,0.392861226092464
32,0.109670882959953,0.0311561039651277,0.468843896034872,0.390329117040047
33,0.112192987203373,0.0336475445314228,0.466352455468577,0.387807012796627
34,0.114703453596078,0.0361193812586306,0.463880618741369,0.385296546403922
35,0.117200590042171,0.0385701829541933,0.461429817045807,0.38279940995783
36,0.119682651588998,0.0409985561541097,0.45900144384589,0.380317348411002
37,0.122147847255779,0.0434031480518761,0.456596851948124,0.377852152744221
38,0.124594347414708,0.0457826486199072,0.454217351380093,0.375405652585292
39,0.127020291633044,0.0481357919360676,0.451864208063932,0.372979708366956
40,0.129423796874293,0.0504613567424037,0.449538643257596,0.370576203125707
41,0.131802965948856,0.0527581662760442,0.447241833723956,0.368197034051144
42,0.134155896099566,0.0550250874232616,0.444974912576738,0.365844103900434
43,0.136480687605561,0.0572610292566043,0.442738970743396,0.363519312394439
44,0.138775452288705,0.059464941021774,0.440535058978226,0.361224547711295
45,0.14103832181025,0.0616358096454938,0.438364190354506,0.35896167818975
46,0.143267455651264,0.0637726568380889,0.436227343161911,0.356732544348736
47,0.145461048678287,0.0658745358650458,0.434125464134954,0.354538951321713
48,0.147617338205237,0.0679405280606352,0.432059471939365,0.352382661794763
49,0.149734610473465,0.0699697391540367,0.430030260845963,0.350265389526535
50,0.151811206483547,0.0719612954745703,0.42803870452543,0.348188793516453
51,0.153845527124532,0.0739143400978867,0.426085659902113,0.346154472875468
52,0.155836037558584,0.0758280289895918,0.424171971010408,0.344163962441416
53,0.157781270830889,0.0777015271970005,0.422298472803,0.342218729169111
54,0.159679830686043,0.0795340051337907,0.420465994866209,0.340320169313957
55,0.161530393582792,0.0813246349964124,0.418675365003588,0.338469606417208
56,0.163331709908578,0.0830725873453829,0.416927412654617,0.336668290091422
57,0.165082604403959,0.0847770278791646,0.415222972120836,0.334917395596041
58,0.166781975814412,0.0864371144232527,0.413562885576747,0.333218024185588
59,0.168428795793331,0.0880519941524761,0.411948005847524,0.331571204206669
60,0.170022107085257,0.0896208010602966,0.410379198939703,0.329977892914743
61,0.171561021022523,0.091142653685135,0.408857346314865,0.328438978977477
62,0.17304471437175,0.0926166531003848,0.407383346899615,0.32695528562825
63,0.174472425568985,0.0940418811717756,0.405958118828224,0.325527574431015
64,0.175843450384026,0.0954173990830597,0.40458260091694,0.324156549615974
65,0.177157137055569,0.0967422461285605,0.40325775387144,0.322842862944431
66,0.178412880939608,0.0980154387688718,0.401984561231128,0.321587119060392
67,0.179610118713951,0.0992359699438773,0.400764030056123,0.32038988128605
68,0.18074832218208,0.100402808635215,0.399597191364785,0.31925167781792
69,0.181826991719943,0.101514899668275,0.398485100331725,0.318173008280057
70,0.182845649409693,0.102571163741783,0.397428836258217,0.317154350590307
71,0.183803831905146,0.103570497670906,0.396429502329094,0.316196168094854
72,0.184701083074663,0.104511774827671,0.395488225172329,0.315298916925337
73,0.185536946468567,0.105393845760251,0.394606154239749,0.314463053531433
74,0.186310957660018,0.106215538970404,0.393784461029596,0.313689042339982
75,0.187022636510497,0.106975661826072,0.393024338173928,0.312977363489503
76,0.18767147941378,0.107673001583906,0.392326998416094,0.31232852058622
77,0.188256951575478,0.108306326494395,0.391693673505605,0.311743048424522
78,0.188778479388789,0.108874386960348,0.391125613039652,0.311221520611211
79,0.189235442971107,0.109375916717968,0.390624083282032,0.310764557028893
80,0.189627168930453,0.109809634008623,0.390190365991377,0.310372831069547
81,0.189952926757118,0.110174246084312,0.389825753915688,0.310047073242882
82,0.190212622183659,0.110469162074458,0.389530837925542,0.309787377816341
83,0.190407651650466,0.110695372362179,0.389304627637821,0.309592348349534
84,0.190539536987762,0.110854068076162,0.389145931923838,0.309460463012238
85,0.190609713425176,0.110946427123333,0.389053572876667,0.309390286574824
86,0.190619531418071,0.110973616044875,0.389026383955124,0.309380468581929
87,0.190570259246885,0.110936791553875,0.389063208446125,0.309429740753115
88,0.190463086300077,0.110837101771875,0.389162898228125,0.309536913699923
89,0.190299126955887,0.110675687186425,0.389324312813575,0.309700873044112
90,0.190079424982488,0.110453681355459,0.389546318644541,0.309920575017512
91,0.189804958380391,0.11017221138719,0.38982778861281,0.310195041619609
92,0.189476644595016,0.10983239822622,0.39016760177378,0.310523355404984
93,0.189095346031236,0.109435356777815,0.390564643222185,0.310904653968764
94,0.188661875805479,0.108982195902857,0.391017804097143,0.311338124194521
95,0.188177003674532,0.108474018315977,0.391525981684023,0.311822996325468
96,0.1876414620837,0.10791192041876,0.39208807958124,0.3123585379163
97,0.187055952280216,0.107296992098919,0.392703007901081,0.312944047719784
98,0.186421150441009,0.10663031652485,0.39336968347515,0.313578849558991
99,0.185737713766912,0.10591296996326,0.39408703003674,0.314262286233088
100,0.185006286498251,0.105146021645461,0.394853978354539,0.314993713501749
101,0.184227505809456,0.10433053370572,0.39566946629428,0.315772494190544
102,0.183402007542866,0.103467561212584,0.396532438787416,0.316597992457134
103,0.182530431744306,0.102558152311569,0.397441847688431,0.317469568255695
104,0.181613427965283,0.101603348494972,0.398396651505028,0.318386572034717
105,0.180651660298805,0.100604185011846,0.399395814988154,0.319348339701195
106,0.179645812117907,0.0995616914284441,0.400438308571556,0.320354187882093
107,0.178596590487992,0.0984768923466943,0.401523107653306,0.321403409512008
108,0.177504730226138,0.0973508082854393,0.402649191714561,0.322495269773862
109,0.176370997582568,0.0961844567264175,0.403815543273583,0.323629002417432
110,0.175196193521617,0.0949788533241101,0.40502114667589,0.324803806478383
111,0.173981156581843,0.0937350132757615,0.406264986724239,0.326018843418157
112,0.172726765297342,0.0924539528450091,0.407546047154991,0.327273234702658
113,0.17143394016505,0.0911366910296824,0.408863308970318,0.32856605983495
114,0.170103645145753,0.0897842513614241,0.410215748638576,0.329896354854247
115,0.168736888689759,0.0883976638218764,0.411602336178124,0.331263111310241
116,0.167334724281771,0.0869779668572522,0.413022033142748,0.332665275718229
117,0.165898250503385,0.0855262094702303,0.41447379052977,0.334101749496615
118,0.164428610615837,0.0840434533652718,0.415956546634728,0.335571389384163
119,0.162926991670156,0.0825307751207166,0.417469224879283,0.337073008329844
120,0.161394623156619,0.080989268358423,0.419010731641577,0.338605376843381
121,0.159832775210405,0.0794200458793339,0.420579954120666,0.340167224789595
122,0.158242756395412,0.0778242417312313,0.422175758268769,0.341757243604588
123,0.156625911093364,0.0762030131731925,0.423796986826808,0.343374088906636
124,0.154983616530353,0.0745575424999173,0.425442457500083,0.345016383469647
125,0.153317279477884,0.0728890386882951,0.427110961311705,0.346682720522116
126,0.151628332669996,0.0711987388283438,0.428801261171656,0.348371667330004
127,0.149918230982188,0.0694879093010935,0.430512090698906,0.350081769017812
128,0.148188447421391,0.0677578466671618,0.432242153332838,0.351811552578609
129,0.146440468979092,0.0660098782317045,0.433990121768296,0.353559531020908
130,0.144675792401747,0.064245362254178,0.435754637745822,0.355324207598253
131,0.142895919933818,0.0624656877749095,0.437534312225091,0.357104080066182
132,0.141102355088898,0.0606722740348229,0.439327725965177,0.358897644911102
133,0.139296598503677,0.0588665694697739,0.441133430530226,0.360703401496323
134,0.137480143927629,0.057050050266711,0.442949949733289,0.362519856072371
135,0.135654474398546,0.0552242184752238,0.444775781524776,0.364345525601454
136,0.133821058650329,0.0533905996748224,0.446609400325178,0.366178941349671
137,0.131981347794873,0.0515507402053592,0.448449259794641,0.368018652205127
138,0.130136772314594,0.0497062039752032,0.450293796024797,0.369863227685406
139,0.128288739396266,0.047858568868925,0.452141431131075,0.371711260603734
140,0.12643863063049,0.0460094227831576,0.453990577216842,0.37356136936951
141,0.124587800094525,0.0441603593258023,0.455839640674198,0.375412199905475
142,0.122737572829476,0.0423129732196762,0.457687026780324,0.377262427170524
143,0.120889243716177,0.0404688554568977,0.459531144543102,0.379110756283823
144,0.119044076747663,0.0386295882546594,0.461370411745341,0.380955923252337
145,0.117203304689991,0.0367967398664536,0.463203260133546,0.38279669531001
146,0.115368129117585,0.0349718593052141,0.465028140694786,0.384631870882415
147,0.113539720804184,0.0331564710362156,0.466843528963784,0.386460279195816
148,0.111719220446045,0.0313520696979099,0.46864793030209,0.388280779553956
149,0.109907739690324,0.0295601149082407,0.470439885091759,0.390092260309676
150,0.108106362438506,0.0277820262124055,0.472217973787595,0.391893637561494
151,0.10631614639237,0.0260191782256528,0.473980821774347,0.39368385360763
152,0.104538124808301,0.0242728960216019,0.475727103978398,0.395461875191699
153,0.102773308424664,0.0225444508129018,0.477455549187098,0.397226691575336
154,0.101022687526397,0.0208350559669392,0.479164944033061,0.398977312473603
155,0.0992872341109345,0.0191458633949042,0.480854136605096,0.400712765889066
156,0.0975679041198933,0.01747796034798,0.48252203965202,0.402432095880107
157,0.0958656397016165,0.0158323666498603,0.48416763335014,0.404134360298384
158,0.0941813714705496,0.0142100323903505,0.485789967609649,0.40581862852945
159,0.0925160207304976,0.0126118361005863,0.487388163899414,0.407483979269502
160,0.0908705016299762,0.011038583426471,0.488961416573529,0.409129498370024
161,0.0892457086100892,0.00949099283119209,0.490509007168808,0.410754291389911
162,0.0876419658477978,0.00796918988728828,0.492030810112712,0.412358034152202
163,0.0860588631505411,0.00647257771185662,0.493527422288143,0.413941136849459
164,0.0844959472373365,0.00500048787893863,0.494999512121061,0.415504052762664
165,0.0829527714219771,0.00355222870014903,0.496447771299851,0.417047228578023
166,0.0814288957762102,0.00212708754006882,0.497872912459931,0.41857110422379
167,0.0799238871632337,0.000724333064616946,0.499275666935383,0.420076112836766
168,0.0784373191557103,-0.000656782583976208,0.500656782583976,0.42156268084429
169,0.0769687718511966,-0.00201702169033838,0.502017021690338,0.423031228148803
170,0.0755178315966713,-0.00335715895060289,0.503357158950603,0.424482168403329
171,0.074084090632743,-0.00467797954065237,0.504677979540652,0.425915909367257
172,0.0726671466671164,-0.00598027726905571,0.505980277269056,0.427332853332884
173,0.0712666023859828,-0.00726485281493637,0.507264852814936,0.428733397614017
174,0.0698820649112052,-0.00853251205032243,0.508532512050322,0.430117935088795
175,0.0685131452104417,-0.00978406444597064,0.509784064445971,0.431486854789558
176,0.0671594574667304,-0.0110203215592383,0.511020321559238,0.43284054253327
177,0.0658206184135113,-0.0122420956022666,0.512242095602267,0.434179381586489
178,0.0644962466405839,-0.0134501980885272,0.513450198088527,0.435503753359416
179,0.063185961876099,-0.0146454385556642,0.514645438555664,0.436814038123901
180,0.0618893842493378,-0.015828623362513,0.515828623362513,0.438110615750662
181,0.0606061335387414,-0.0170005545581917,0.517000554558192,0.439393866461259
182,0.0593358284094108,-0.0181620288212213,0.518162028821221,0.440664171590589
183,0.0580780856440979,-0.0193138364667434,0.519313836466743,0.441921914355902
184,0.0568325193715355,-0.0204567605200272,0.520456760520027,0.443167480628465
185,0.0555987402958183,-0.0215915758546262,0.521591575854626,0.444401259704182
186,0.0543763549304237,-0.0227190483937056,0.522719048393706,0.445623645069576
187,0.053164964840361,-0.0238399343732455,0.523839934373245,0.446835035159639
188,0.0519641658958452,-0.0249549796659937,0.524954979665994,0.448035834104155
189,0.0507735475408031,-0.0260649191652175,0.526064919165218,0.449226452459197
190,0.049592692079437,-0.0271704762274554,0.527170476227455,0.450407307920563
191,0.0484211739839846,-0.0282723621736134,0.528272362173613,0.451578826016015
192,0.0472585592267184,-0.0293712758478704,0.52937127584787,0.452741440773282
193,0.046104404639132,-0.0304679032339536,0.530467903233954,0.453895595360868
194,0.0449582573011485,-0.0315629171284183,0.531562917128418,0.455041742698852
195,0.0438196539630646,-0.0326569768706086,0.532656976870609,0.456180346036935
196,0.042688120502809,-0.0337507281289932,0.533750728128993,0.457311879497191
197,0.0415631714209541,-0.0348448027435622,0.534844802743562,0.458436828579046
198,0.0404443093757557,-0.0359398186239274,0.535939818623927,0.459555690624244
199,0.0393310247603331,-0.0370363797027073,0.537036379702707,0.460668975239667
200,0.0382227953239249,-0.0381350759436903,0.53813507594369,0.461777204676075
201,0.0371190858389729,-0.0392364834041532,-0.460763516595847,-0.537119085838973
202,0.0360193478156047,-0.0403411643505906,-0.459658835649409,-0.536019347815605
203,0.0349230192648927,-0.0414496674269546,-0.458550332573045,-0.534923019264893
204,0.0338295245120933,-0.0425625278743547,-0.457437472125645,-0.533829524512093
205,0.0327382740608859,-0.0436802678009928,-0.456319732199007,-0.532738274060886
206,0.0316486645094685,-0.0448033965009386,-0.455196603499061,-0.531648664509468
207,0.0305600785192122,-0.045932410820171,-0.454067589179829,-0.530560078519212
208,0.0294718848364408,-0.0470677955681401,-0.45293220443186,-0.529471884836441
209,0.0283834383677857,-0.0482100239729303,-0.45178997602707,-0.528383438367786
210,0.0272940803094739,-0.0493595581779471,-0.450640441822053,-0.527294080309474
211,0.0262031383308364,-0.0505168497778874,-0.449483150222113,-0.526203138330836
212,0.0251099268122849,-0.0516823403916214,-0.448317659608379,-0.525109926812285
213,0.0240137471379964,-0.0528564622694753,-0.447143537730525,-0.524013747137996
214,0.022913888043557,-0.0540396389322962,-0.445960361067704,-0.522913888043557
215,0.021809626018867,-0.0552322858395687,-0.444767714160431,-0.521809626018867
216,0.0207002257666875,-0.0564348110837725,-0.443565188916228,-0.520700225766688
217,0.0195849407173102,-0.0576476161080865,-0.442352383891914,-0.51958494071731
218,0.0184630135999624,-0.0588710964444798,-0.44112890355552,-0.518463013599962
219,0.0173336770717214,-0.0601056424691718,-0.439894357530828,-0.517333677071721
220,0.0161961544048724,-0.0613516401723865,-0.438648359827614,-0.516196154404872
221,0.0150496602338494,-0.0626094719392732,-0.437390528060727,-0.515049660233849
222,0.0138934013630906,-0.063879517338813,-0.436120482661187,-0.513893401363091
223,0.0127265776373517,-0.0651621539174619,-0.434837846082538,-0.512726577637352
224,0.011548382876224,-0.0664577579942078,-0.433542242005792,-0.511548382876224
225,0.010358005874813,-0.0677667054536271,-0.432233294546373,-0.510358005874813
226,0.00915463147270536,-0.0690893725334043,-0.430910627466596,-0.509154631472705
227,0.00793744169352948,-0.0704261366026364,-0.429573863397364,-0.50793744169353
228,0.00670561695753416,-0.0717773769270568,-0.428222623072943,-0.506705616957534
229,0.00545833736970576,-0.073143475417088,-0.426856524582912,-0.505458337369706
230,0.00419478408597821,-0.0745248173543596,-0.42547518264564,-0.504194784085978
231,0.00291414076006378,-0.0759217920919878,-0.424078207908012,-0.502914140760064
232,0.0016155950733321,-0.0773347937235283,-0.422665206276472,-0.501615595073332
233,0.000298340349971671,-0.0787642217150301,-0.42123577828497,-0.500298340349972
234,-0.00103842274062533,-0.0802104814940871,-0.419789518505913,-0.498961577259375
235,-0.00239548439272174,-0.0816739849891375,-0.418326015010863,-0.497604515607278
236,-0.00377362378335094,-0.0831551511115482,-0.416844848888452,-0.496226376216649
237,-0.00517360710138747,-0.0846544061721884,-0.415345593827812,-0.494826392898613
238,-0.00659618548713045,-0.0861721842232747,-0.413827815776725,-0.49340381451287
239,-0.00804209288398706,-0.0877089273152286,-0.412291072684771,-0.491957907116013
240,-0.00951204380507307,-0.089265085657145,-0.410734914342855,-0.490487956194927
241,-0.0110066886895688,-0.0908410715990017,-0.409158928400998,-0.488993311310431
242,-0.0125260126903222,-0.0924366149815946,-0.407563385018405,-0.487473987309678
243,-0.0140694517524374,-0.0940509165331769,-0.405949083466823,-0.485930548247563
244,-0.0156363572914153,-0.0956831617684293,-0.404316838231571,-0.484363642708585
245,-0.017226008766366,-0.0973325328627573,-0.402667467137243,-0.482773991233634
246,-0.0188376143000951,-0.09899820676252,-0.40100179323748,-0.481162385699905
247,-0.0204703117589292,-0.100679353186237,-0.399320646813763,-0.479529688241071
248,-0.0221231702841483,-0.102375132541944,-0.397624867458056,-0.477876829715852
249,-0.0237951922640548,-0.104084693786931,-0.395915306213069,-0.476204807735945
250,-0.0254853157324814,-0.105807172257202,-0.394192827742798,-0.474514684267519
251,-0.0271924171759607,-0.107541687495048,-0.392458312504952,-0.472807582824039
252,-0.0289153147279166,-0.109287341104189,-0.390712658895811,-0.471084685272083
253,-0.0306527717241808,-0.111043214662785,-0.388956785337215,-0.469347228275819
254,-0.0324035005899662,-0.112808367725369,-0.387191632274631,-0.467596499410034
255,-0.0341661670242808,-0.114581835945186,-0.385418164054814,-0.465833832975719
256,-0.0359393944437344,-0.11636262934855,-0.38363737065145,-0.464060605556266
257,-0.0377217686439157,-0.118149730792557,-0.381850269207443,-0.462278231356084
258,-0.0395118426331311,-0.119942094636742,-0.380057905363258,-0.460488157366869
259,-0.0413081415904034,-0.121738645657998,-0.378261354342002,-0.458691858409597
260,-0.0431091678973793,-0.123538278236241,-0.376461721763759,-0.456890832102621
261,-0.044913406192249,-0.12533985583583,-0.37466014416417,-0.455086593807751
262,-0.0467193283930767,-0.127142210804706,-0.372857789195294,-0.453280671606923
263,-0.0485253986380911,-0.128944144509526,-0.371055855490474,-0.451474601361909
264,-0.0503300780915708,-0.130744427820791,-0.369255572179209,-0.449669921908429
265,-0.0521318295659613,-0.132541801957194,-0.367458198042806,-0.447868170434039
266,-0.0539291219137756,-0.134334979693161,-0.365665020306839,-0.446070878086224
267,-0.055720434146598,-0.136122646927949,-0.363877353072051,-0.444279565853402
268,-0.0575042592430661,-0.137903464608851,-0.362096535391149,-0.442495740756934
269,-0.0592791076129191,-0.139676070995083,-0.360323929004917,-0.440720892387081
270,-0.0610435101899738,-0.141439084243067,-0.358560915756933,-0.438956489810026
271,-0.0627960211330601,-0.143191105288055,-0.356808894711945,-0.43720397886694
272,-0.0645352201203616,-0.144930720991691,-0.355069279008309,-0.435464779879638
273,-0.066259714229104,-0.146656507520164,-0.353343492479836,-0.433740285770896
274,-0.0679681393989675,-0.148367033913304,-0.351632966086696,-0.432031860601032
275,-0.0696591614837948,-0.150060865801332,-0.349939134198668,-0.430340838516205
276,-0.071331476902004,-0.151736569223178,-0.348263430776822,-0.428668523097996
277,-0.0729838129014698,-0.153392714498302,-0.346607285501698,-0.42701618709853
278,-0.0746149274594021,-0.155027880102856,-0.344972119897144,-0.425385072540598
279,-0.0762236088418643,-0.156640656500852,-0.343359343499148,-0.423776391158136
280,-0.0778086748509748,-0.158229649881672,-0.341770350118328,-0.422191325149025
281,-0.0793689717905036,-0.159793485756756,-0.340206514243244,-0.420631028209496
282,-0.0809033731825113,-0.161330812370562,-0.338669187629438,-0.419096626817489
283,-0.0824107782688977,-0.162840303883837,-0.337159696116163,-0.417589221731102
284,-0.0838901103322652,-0.164320663290706,-0.335679336709294,-0.416109889667735
285,-0.0853403148704276,-0.165770625035083,-0.334229374964917,-0.414659685129572
286,-0.0867603576582441,-0.167188957296179,-0.332811042703821,-0.413239642341756
287,-0.088149222729336,-0.168574463917457,-0.331425536082543,-0.411850777270664
288,-0.0895059103086935,-0.169925985958037,-0.330074014041963,-0.410494089691307
289,-0.0908294347252943,-0.171242402850272,-0.328757597149728,-0.409170565274706
290,-0.0921188223317174,-0.172522633151836,-0.327477366848164,-0.407881177668283
291,-0.0933731094553709,-0.173765634885209,-0.326234365114791,-0.406626890544629
292,-0.0945913404034875,-0.174970405461709,-0.325029594538291,-0.405408659596512
293,-0.0957725655414618,-0.176135981191319,-0.323864018808681,-0.404227434458538
294,-0.0969158394615116,-0.177261436383345,-0.322738563616655,-0.403084160538488
295,-0.0980202192560372,-0.178345882046419,-0.321654117953582,-0.401979780743963
296,-0.0990847629074884,-0.179388464199582,-0.320611535800418,-0.400915237092512
297,-0.100108527804026,-0.180388361809081,-0.319611638190919,-0.399891472195974
298,-0.101090569387814,-0.181344784368151,-0.318655215631849,-0.398909430612186
299,-0.102029939940407,-0.182256969139448,-0.317743030860552,-0.397970060059593
300,-0.102925687507408,-0.18312417808196,-0.31687582191804,-0.397074312492592
301,-0.103776854962349,-0.183945694486236,-0.316054305513764,-0.396223145037651
302,-0.104582479207671,-0.184720819343594,-0.315279180656406,-0.395417520792329
303,-0.105341590508597,-0.18544886747675,-0.31455113252325,-0.394658409491403
304,-0.106053211953815,-0.186129163460964,-0.313870836539036,-0.393946788046185
305,-0.106716359035004,-0.186761037366472,-0.313238962633528,-0.393283640964996
306,-0.107330039335554,-0.187343820354596,-0.312656179645404,-0.392669960664446
307,-0.107893252317189,-0.187876840161646,-0.312123159838354,-0.392106747682811
308,-0.108404989191765,-0.188359416506418,-0.311640583493582,-0.391595010808235
309,-0.108864232864205,-0.188790856458909,-0.311209143541091,-0.391135767135795
310,-0.109269957931445,-0.189170449809734,-0.310829550190266,-0.390730042068555
311,-0.109621130721386,-0.189497464481672,-0.310502535518328,-0.390378869278614
312,-0.109916709355274,-0.189771142026797,-0.310228857973203,-0.390083290644726
313,-0.110155643816653,-0.189990693254731,-0.310009306745269,-0.389844356183347
314,-0.110336876010202,-0.190155294039683,-0.309844705960317,-0.389663123989798
315,-0.110459339794285,-0.19026408135612,-0.30973591864388,-0.389540660205715
316,-0.110521960972179,-0.19031614959505,-0.30968385040495,-0.389478039027821
317,-0.110523657228602,-0.190310547215037,-0.309689452784963,-0.389476342771398
318,-0.11046333800051,-0.190246273784116,-0.309753726215884,-0.38953666199949
319,-0.110339904274239,-0.19012227747068,-0.30987772252932,-0.389660095725761
320,-0.110152248305,-0.189937453043146,-0.310062546956854,-0.389847751695
321,-0.109899450546885,-0.189690839944916,-0.310309160055084,-0.390100549453115
322,-0.109582039885893,-0.18938289725693,-0.31061710274307,-0.390417960114107
323,-0.109201188507912,-0.189014692762293,-0.310985307237707,-0.390798811492088
324,-0.108758061447734,-0.188587248055798,-0.311412751944202,-0.391241938552266
325,-0.10825381355171,-0.188101538402708,-0.311898461597292,-0.39174618644829
326,-0.107689589461881,-0.187558496047015,-0.312441503952985,-0.392310410538119
327,-0.107066523547934,-0.18695901379329,-0.31304098620671,-0.392933476452066
328,-0.10638573979818,-0.186303948805598,-0.313696051194402,-0.39361426020182
329,-0.105648351682034,-0.185594126569886,-0.314405873430114,-0.394351648317966
330,-0.104855461997167,-0.184830344969275,-0.315169655030725,-0.395144538002833
331,-0.104008162714676,-0.184013378424656,-0.315986621575344,-0.395991837285324
332,-0.103107534835383,-0.183143982055974,-0.316856017944026,-0.396892465164617
333,-0.102154648269719,-0.182222895822524,-0.317777104177476,-0.397845351730281
334,-0.101150561752799,-0.181250848603402,-0.318749151396598,-0.398849438247201
335,-0.100096322805102,-0.180228562182091,-0.319771437817909,-0.399903677194898
336,-0.0989929677478632,-0.179156755101816,-0.320843244898184,-0.401007032252137
337,-0.0978415217808303,-0.178036146360982,-0.321963853639018,-0.40215847821917
338,-0.096642999128439,-0.176867458920493,-0.323132541079507,-0.403357000871561
339,-0.0953984032588496,-0.175651422997301,-0.324348577002699,-0.40460159674115
340,-0.0941087271785991,-0.174388779120913,-0.325611220879087,-0.405891272821401
341,-0.0927749538039319,-0.173080280931976,-0.326919719068024,-0.407225046196068
342,-0.0913980564081752,-0.171726697704432,-0.328273302295568,-0.408601943591825
343,-0.0899789991428548,-0.170328816575082,-0.329671183424918,-0.410021000857145
344,-0.0885187376285911,-0.168887444466732,-0.331112555533268,-0.411481262371409
345,-0.0870182196102206,-0.167403409693519,-0.332596590306481,-0.412981780389779
346,-0.0854783856690223,-0.165877563239398,-0.334122436760602,-0.414521614330978
347,-0.0839001699834535,-0.16431077970328,-0.33568922029672,-0.416099830016547
348,-0.0822845011283655,-0.162703957906805,-0.337296042093196,-0.417715498871635
349,-0.0806323029013548,-0.16105802116336,-0.33894197883664,-0.419367697098645
350,-0.0789444951636591,-0.159373917209583,-0.340626082790417,-0.421055504836341
351,-0.0772219946819027,-0.157652617803272,-0.342347382196728,-0.422778005318097
352,-0.0754657159559993,-0.155895117994395,-0.344104882005605,-0.424534284044001
353,-0.0736765720176934,-0.154102435078568,-0.345897564921432,-0.426323427982307
354,-0.0718554751835498,-0.152275607245145,-0.347724392754855,-0.42814452481645
355,-0.0700033377457372,-0.150415691934686,-0.349584308065314,-0.429996662254263
356,-0.0681210725836847,-0.148523763923172,-0.351476236076828,-0.431878927416315
357,-0.0662095936796787,-0.146600913152734,-0.353399086847266,-0.433790406320321
358,-0.0642698165216928,-0.144648242330965,-0.355351757669035,-0.435730183478307
359,-0.0623026583772614,-0.142666864322854,-0.357333135677146,-0.437697341622739
360,-0.0603090384229992,-0.140657899361159,-0.359342100638841,-0.439690961577001
361,-0.0582898777154658,-0.13862247210243,-0.36137752789757,-0.441710122284534
362,-0.0562460989904768,-0.136561708556964,-0.363438291443036,-0.443753901009523
363,-0.0541786262796576,-0.134476732921599,-0.365523267078401,-0.445821373720342
364,-0.0520883843350257,-0.132368664344491,-0.367631335655509,-0.447911615664974
365,-0.049976297854651,-0.130238613650762,-0.369761386349238,-0.450023702145349
366,-0.0478432905049431,-0.128087680057221,-0.371912319942779,-0.452156709495057
367,-0.0456902837378383,-0.125916947903199,-0.374083052096801,-0.454309716262162
368,-0.0435181954040415,-0.12372748342292,-0.37627251657708,-0.456481804595959
369,-0.0413279381664795,-0.121520331582814,-0.378479668417186,-0.45867206183352
370,-0.0391204177211931,-0.119296513004732,-0.380703486995268,-0.460879582278807
371,-0.0368965308359662,-0.117057020993282,-0.382942979006718,-0.463103469164034
372,-0.0346571632199944,-0.114802818682405,-0.385197181317595,-0.465342836780006
373,-0.0324031872407925,-0.112534836313069,-0.387465163686931,-0.467596812759208
374,-0.0301354595072324,-0.110253968650442,-0.389746031349558,-0.469864540492768
375,-0.0278548183400685,-0.107961072545414,-0.392038927454586,-0.472145181659932
376,-0.0255620811534559,-0.105656964641701,-0.394343035358299,-0.474437918846544
377,-0.0232580417727866,-0.103342419226269,-0.396657580773731,-0.476741958227213
378,-0.0209434677155854,-0.101018166217367,-0.398981833782633,-0.479056532284415
379,-0.0186190974632263,-0.0986848892811921,-0.401315110718808,-0.481380902536774
380,-0.0162856377517969,-0.0963432240651888,-0.403656775934811,-0.483714362248203
381,-0.0139437609105794,-0.0939937565331794,-0.406006243466821,-0.486056239089421
382,-0.0115941022763034,-0.0916370213850735,-0.408362978614926,-0.488405897723697
383,-0.00923725771059339,-0.0892735005417504,-0.41072649945825,-0.490762742289407
384,-0.00687378124688229,-0.0869036216739076,-0.413096378326092,-0.493126218753118
385,-0.00450418289154755,-0.0845277567522378,-0.415472243247762,-0.495495817108452
386,-0.00212892660214901,-0.0821462205952029,-0.417853779404797,-0.497871073397851
387,0.000251571536511228,-0.0797592693899509,-0.420240730610049,-0.500251571536511
388,0.00263694492021822,-0.0773670991615101,-0.42263290083849,-0.502636944920218
389,0.00502687780141077,-0.0749698441653358,-0.425030155834664,-0.505026877801411
390,0.00742110642062545,-0.0725675751784736,-0.427432424821526,-0.507421106420626
391,0.00981941988338159,-0.0701602976651113,-0.429839702334889,-0.509819419883382
392,0.0122216607755503,-0.0677479497929945,-0.432252050207006,-0.51222166077555
393,0.0146277255132659,-0.0653304002781257,-0.434669599721874,-0.514627725513266
394,0.0170375644264474,-0.0629074460362748,-0.437092553963725,-0.517037564426447
395,0.0194511815779465,-0.0604788096210973,-0.439521190378903,-0.519451181577946
396,0.0218686343232347,-0.058044136430048,-0.441955863569952,-0.521868634323235
397,0.0242900326183102,-0.0556029916607725,-0.444397008339227,-0.52429003261831
398,0.02671553808617,-0.0531548570022271,-0.446845142997773,-0.52671553808617
399,0.0291453628546947,-0.0506991270464054,-0.449300872953595,-0.529145362854695
400,0.0315797681811521,-0.0482351054082244,-0.451764894591776,-0.531579768181152
